published_at,source,title,url
,163.com,英伟达开源最新VLA ， 能否破局L4自动驾驶 ？,https://www.163.com/dy/article/KFQ7HA1L05118O92.html
,index.hr,"Tko će mu reći ?: Influencer najavio merch , Hrvati se sprdaju",https://www.index.hr/shopping/clanak/tko-ce-mu-reci-influencer-najavio-merch-hrvati-se-sprdaju/2736300.aspx?index_tid=848886&index_ref=naslovnica_magazin_ostalo_d_1
,elnortedecastilla.es,Los peritos de EDP destacan que la compra de IDER fue superior a los precios de mercado,https://www.elnortedecastilla.es/castillayleon/peritos-edp-destacan-compra-ider-superior-precios-20251202135708-nt.html
,ekonomi.haber7.com,Finansal İstikrar Komitesi toplandı : POS işlemleri ve fon piyasası mercek altında,https://ekonomi.haber7.com/ekonomi/haber/3584534-finansal-istikrar-komitesi-toplandi-pos-islemleri-ve-fon-piyasasi-mercek-altinda
,obozrevatel.com,РФ обходить санкції завдяки В  єтнаму - Кремль дорого продає нафту попри цінову стелю,https://www.obozrevatel.com/ukr/ekonomika-glavnaya/economy/prodayut-rosijsku-naftu-pid-viglyadom-svoei-yaka-kraina-zbuvae-sanktsijnij-tovar-vdvichi-dorozhche-tsinovoi-steli.htm
,nashvilleherald.com,Holiday Paychecks Shrink Fastest in San Francisco and Seattle ; New York and Atlanta Workers Show Most Wage Resilience,http://www.nashvilleherald.com/news/278733665/holiday-paychecks-shrink-fastest-in-san-francisco-and-seattle-new-york-and-atlanta-workers-show-most-wage-resilience
,sanremonews.it,Presunto sistema criminale per frodi fiscali : inchiesta della Guardia di Finanza che tocca anche il Casinò di Saint Vincent,https://www.sanremonews.it/2025/12/02/leggi-notizia/argomenti/cronaca/articolo/presunto-sistema-criminale-per-frodi-fiscali-inchiesta-della-guardia-di-finanza-che-tocca-anche-il.html
,kamatica.com,"Automehaničar otkrio šta ne smete da kažete kad odvezete vozilo na popravku , inače će vas koštati više",https://www.kamatica.com/vest/automehanicar-otkrio-sta-ne-smete-da-kazete-kad-odvezete-vozilo-na-popravku-inace-ce-vas-kostati-vise/76649
,thehindubusinessline.com,"Jammu & Kashmir GST Falls 14 % in November ; tourism , horticulture hit collections",https://www.thehindubusinessline.com/news/national/jammu-kashmir-gst-falls-14-in-november-tourism-horticulture-hit-collections/article70349362.ece
,webnews.it,"Zaino SZLX a 15 , 54€ : la soluzione smart per volare senza extra",https://www.webnews.it/zaino-ryanair-a-1554e-la-soluzione-smart-per-volare-senza-extra/
,zonebourse.com,La Banque dAngleterre alerte sur les risques croissants liés aux stratégies de « basis trade » des hedge funds,https://www.zonebourse.com/actualite-bourse/la-banque-d-angleterre-alerte-sur-les-risques-croissants-lies-aux-strategies-de-basis-trade-des-ce7d51d9dd89f12d
,tech.ifeng.com,WPS 给 AI 装上大脑和 「 双手 」 后 ， 我真正感受到它会干活这件事,https://tech.ifeng.com/c/8olHVtipjQJ
,portfolio.hu,"Brüsszel nem ad pénzt mostantól , ha valaki nem működik egyet a bevándorlók kitoloncolásában",https://www.portfolio.hu/unios-forrasok/20251202/brusszel-nem-ad-penzt-mostantol-ha-valaki-nem-mukodik-egyet-a-bevandorlok-kitoloncolasaban-803594
,dailypolitical.com,"M & T Bank Corp Sells 23 , 588 Shares of Bristol Myers Squibb Company $BMY",https://www.dailypolitical.com/2025/12/02/mt-bank-corp-sells-23588-shares-of-bristol-myers-squibb-company-bmy.html
,regeringen.se,Europeiska jämställdhetsinstitutet mäter jämställdheten i EU,https://www.regeringen.se/artiklar/2025/12/europeiska-jamstalldhetsinstitutet-mater-jamstalldheten-i-eu/
,444.hu,"Az osztogatások sem segítik a Fideszt , a kormánypárt már csak a kisebb településeken vezet egy nagy kutatás szerint",https://444.hu/2025/12/02/az-osztogatasok-sem-segitik-a-fideszt-a-kormanypart-mar-csak-a-kisebb-telepuleseken-vezet-egy-nagy-kutatas-szerint
,boursorama.com,"Un groupe de banques européennes crée qivalis , un émetteur de  stablecoins  adossés à leuro - 02 / 12 / 2025 à 13 : 29",https://www.boursorama.com/bourse/actualites/un-groupe-de-banques-europeennes-cree-qivalis-un-emetteur-de-stablecoins-adosses-a-l-euro-d09c7c57c55a6e8937d916cdeb63133c
,zazoom.it,Oltre 2 milioni di persone vaccinate Bertolaso | I principali contagi riguardano i bambini,https://www.zazoom.it/2025-12-02/oltre-2-milioni-di-persone-vaccinate-bertolaso-i-principali-contagi-riguardano-i-bambini/18244384/
,boursorama.com,Hausse tranquille en Europe - 02 / 12 / 2025 à 12 : 16,https://www.boursorama.com/bourse/actualites/hausse-tranquille-en-europe-5bc3252eadbf4c0bc5e9de06d9e394f9
,larepublica.pe,MEF aprueba una nueva escala salarial y gratificaciones para este grupo de trabajadores del sector público : conoce los montos según categoría,https://larepublica.pe/economia/2025/12/02/mef-aprueba-una-nueva-escala-salarial-y-gratificaciones-para-este-grupo-de-trabajadores-del-sector-publico-conoce-los-montos-segun-categoria-hnews-195398
,finanzen.net,"Dürr Buy ( Joh . Berenberg , Gossler & Co . KG ( Berenberg Bank )) 02 . 12 . 2025 | Analyse",https://www.finanzen.net/analyse/duerr_buy-joh_berenberg_gossler__co_kg_berenberg_bank__1045939
,economictimes.indiatimes.com,"HSBC interim chair Nelson ruled himself out of permanent role , CEO says",https://economictimes.indiatimes.com/news/international/business/hsbc-interim-chair-nelson-ruled-himself-out-of-permanent-role-ceo-says/articleshow/125720021.cms
,163.com,上海规范网上房地产信息传播秩序 ， 7万余个违规账号被处置,https://www.163.com/dy/article/KFQ95FGL0514R9P4.html
,mundiario.com,"España , un país sin Presupuestos pero con presupuesto",https://www.mundiario.com/articulo/opiniones/espana-crece-mas-que-europa-pese-tres-anos-presupuestos-como-funciona-piloto-automatico/20251202134829365389.html
,merdeka.com,"Dua Pusat Permainan Nickelodeon Resmi Dibuka di Indonesia , di Sini Tempatnya",https://www.merdeka.com/gaya/dua-pusat-permainan-nickelodeon-resmi-dibuka-di-indonesia-di-sini-tempatnya-502824-mvk.html
,tass.ru,Иностранные инвесторы смогут с 8 декабря открывать счета типа  Ин  на Мосбирже,https://tass.ru/ekonomika/25793975
,forbes.com,How Women Can Navigate The Gender Gap In Venture Capital,https://www.forbes.com/councils/forbesbusinesscouncil/2025/12/02/the-unspoken-rules-of-vc-still-hold-but-women-founders-are-learning-how-to-rewrite-them/
,nwzonline.de,Finanzierung eigene Immobilie - Wie wiel Gehalt ist nötig,"https://www.nwzonline.de/spezial-wirtschaft/finanzierung-eigene-immobilie-wie-wiel-gehalt-ist-noetig_a_4,2,2951397144.html"
,puranoticia.pnt.cl,Sernac alerta sobre parches para bajar de peso :  Evidente riesgo,https://puranoticia.pnt.cl/nacional/sernac-alerta-sobre-parches-para-bajar-de-peso-evidente-riesgo
,prnewswire.com,RadiusDC Announces Acquisition and Significant Expansion of Mission - Critical Carrier - Hotel at 55 Marietta,http://www.prnewswire.com/news-releases/radiusdc-announces-acquisition-and-significant-expansion-of-mission-critical-carrier-hotel-at-55-marietta-302626039.html
,tuttomercatoweb.com,Lecce club virtuoso : prima squadra italiana per ritorno dagli investimenti di mercato dal 2017,https://www.tuttomercatoweb.com/serie-a/lecce-club-virtuoso-prima-squadra-italiana-per-ritorno-dagli-investimenti-di-mercato-dal-2017-2174726
,vermontbiz.com,Governor Scott Christmas tree cutting event celebrates Vermont rural economy,https://vermontbiz.com/news/2025/december/02/governor-scotts-christmas-tree-cutting-event-celebrates-vermonts-rural
,forbes.com,7 Phrases That Help You Sound More Confident In Any Meeting,https://www.forbes.com/sites/carolinecastrillon/2025/12/02/7-phrases-that-help-you-sound-more-confident-in-any-meeting/
,manilatimes.net,UCCM™ By ASTRADYNE Inc .: A Breakthrough Technology Beyond Conventional AI Systems,https://www.manilatimes.net/2025/12/02/tmt-newswire/globenewswire/uccm-by-astradyne-inc-a-breakthrough-technology-beyond-conventional-ai-systems/2235301
,prnewswire.com,"The Beauty Architects Partners with Capsum , Inc .",https://www.prnewswire.com/news-releases/the-beauty-architects-partners-with-capsum-inc-302629968.html
,udaipurkiran.com,Coforge Shares Edge Up on Expansion of Quasar AI Platform,https://udaipurkiran.com/coforge-shares-edge-up-on-expansion-of-quasar-ai-platform/
,africaoutlookmag.com,KONČAR Group : The Technology Leader Shaping Global Energy - Africa Outlook Magazine,https://www.africaoutlookmag.com/manufacturing/koncar-group-the-technology-leader-shaping-global-energy
,dnaindia.com,"BIG MOVE by Prada Group : Luxury fashion brand takes over rival Versace in Rs 123217115000 deal , check details",https://www.dnaindia.com/business/report-big-move-by-prada-group-luxury-fashion-brand-takes-over-rival-versace-in-rs-123217115000-deal-check-details-3191561
,udaipurkiran.com,Chennai silver rates | Udaipur Kiran,https://udaipurkiran.com/tag/chennai-silver-rates/
,rtp.pt,Bolieiro diz que  não haverá perturbaes  com saída do presidente da SATA,https://www.rtp.pt/noticias/economia/bolieiro-diz-que-nao-havera-perturbacoes-com-saida-do-presidente-da-sata_n1702040
,benzinga.com,A Strong Quarter Doesnt Make Yeahka A Bargain,https://www.benzinga.com/Opinion/25/12/49157400/a-strong-quarter-doesnt-make-yeahka-a-bargain
,fakti.bg,ЕК търси гъвкаво решение за финансирането на Украйна през следващите две години ᐉ Новини от Fakti . bg - Свят,https://fakti.bg/world/1018609-ek-tarsi-gavkavo-reshenie-za-finansiraneto-na-ukraina-prez-sledvashtite-dve-godini
,163.com,年底A股如何走 ？ 机构看好跨年行情 ， 两大核心会议成关键,https://www.163.com/dy/article/KFQ8UQPS0550ADBZ.html
,proactiveinvestors.com.au,Mining sector apocalypse averted,https://www.proactiveinvestors.com.au/companies/news/1083579/mining-sector-apocalypse-averted-1083579.html
,it.euronews.com,Bulgaria : governo ritira il controverso piano di bilancio dopo le proteste,https://it.euronews.com/2025/12/02/bulgaria-governo-ritira-il-controverso-piano-di-bilancio-dopo-le-proteste
,df.cl,Las acciones globales frenan las caídas en los mercados y el bitcoin defiende un repunte,https://www.df.cl/primer-click/las-acciones-globales-frenan-las-caidas-en-los-mercados-y-el-bitcoin
,dailypolitical.com,Olaplex ( OLPX ) – Research Analyst Weekly Ratings Updates,https://www.dailypolitical.com/2025/12/02/olaplex-olpx-research-analysts-weekly-ratings-updates.html
,ansa.it,"Presunta frode sui fondi Ue , fermati Mogherini e Sannino . Mosca e Budapest attaccano - Notizie",https://www.ansa.it/sito/notizie/mondo/2025/12/02/presunta-frode-sui-fondi-ue-fermati-mogherini-e-sannino.-mosca-e-budapest-attaccano_751d1d9b-5dad-4c8f-be81-9e8735db7c73.html
,efeagro.com,Hacienda retrasa un año la puesta en marcha del sistema de facturación VeriFactu,https://efeagro.com/hacienda-retrasa-sistema-facturacion-verfactu/
,franceguyane.fr,LOCDE plus optimiste pour la croissance des poids lourds économiques en 2025,https://www.franceguyane.fr/actualite/france/locde-plus-optimiste-pour-la-croissance-des-poids-lourds-economiques-en-2025-1059970.php
,merkur.de,Kunden streiten über SB - Kassen : „ Ich gehe da nicht mehr einkaufen,https://www.merkur.de/verbraucher/kunden-streiten-ueber-sb-kassen-ich-gehe-da-nicht-mehr-einkaufen-zr-94065176.html
,dengi.ua,ЄЦБ не підтримує виплату Україні 140 млрд євро за рахунок активів РФ - ЗМІ,https://dengi.ua/ua/finance/9757705-jetsb-ne-pidtrimuje-viplatu-ukrayini-140-mlrd-jevro-za-rakhunok-aktiviv-rf-zmi
,ole.com.ar,"River , hoy EN VIVO : Libertadores o Sudamericana , mercado de pases y últimas noticias del martes 2 de diciembre",https://www.ole.com.ar/river-plate/river-plate-ultimas-noticias-novedades-martes-2-diciembre_0_Pyuc9wniVH.html
,semana.com,Retozos en el Caribe,https://www.semana.com/opinion/articulo/retozos-en-el-caribe/202500/
,forbes.com,From The Green Rush To The Silver Tsunami : Plumbing For Gold,https://www.forbes.com/councils/forbesbusinesscouncil/2025/12/02/from-the-green-rush-to-the-silver-tsunami-plumbing-for-gold/
,freiepresse.de,So fährt sich der neue Renault Clio,https://www.freiepresse.de/ratgeber/mobilitaet/so-faehrt-sich-der-neue-renault-clio-artikel14051571
,letelegramme.fr,Commerces et services dans le pays de Vannes  : ça bouge [ Novembre 2025 ],https://www.letelegramme.fr/morbihan/vannes-56000/commerces-et-services-dans-le-pays-de-vannes-ca-bouge-novembre-2025-6939386.php
,cointelegraph.com,"Can Fed Liquidity Trends Keep Bitcoin Away From $50 , 000 ?",https://cointelegraph.com/news/bitcoin-battles-50k-price-target-fed-adds-13-5b-overnight-liquidity
,163.com,OpenAI拉响红色警报 ！ 暂停广告和Agent ， 下周发布新模型硬刚Gemini 3,https://www.163.com/dy/article/KFQ8NSHI05566VQ3.html
,finanzen.net,"Brenntag SE Hold ( Joh . Berenberg , Gossler & Co . KG ( Berenberg Bank )) 02 . 12 . 2025 | Analyse",https://www.finanzen.net/analyse/brenntag_se_hold-joh_berenberg_gossler__co_kg_berenberg_bank__1045938
,baijiahao.baidu.com,第三届服发会｜金柚GEO全球首发  AI+全球人才管理平台 ， 双向赋能高质量就业与产业出海,https://baijiahao.baidu.com/s?id=1850402805144290823
,zazoom.it,Carne scaduta rimessa sul mercato | maxi - sequestro da 180 tonnellate,https://www.zazoom.it/2025-12-02/carne-scaduta-rimessa-sul-mercato-maxi-sequestro-da-180-tonnellate/18244472/
,fabio.com.ar,El abandono de las apps útiles : Google Maps,https://www.fabio.com.ar/9817-el-abandono-de-las-apps-utiles-google-maps
,163.com,保利长大港航工程取得适应于Z型钢板桩施工的特制桩帽专利 ， 提高施工质量及进度,https://www.163.com/dy/article/KFQ7ULA60519QIKK.html
,en.apa.az,Azerbaijan Social Protection Fund budget passes second reading,https://en.apa.az/finance/azerbaijans-social-protection-fund-budget-passes-second-reading-485223
,benzinga.com,Why Tokenized Treasury Markets Are Becoming A New Safe Haven For Investors - BlackRock ( NYSE : BLK ),https://www.benzinga.com/Opinion/25/12/49156858/why-tokenized-treasury-markets-are-becoming-a-new-safe-haven-for-investors
,wpolityce.pl,Prezydent wetuje tzw . ustawę łańcuchową . Zapowiada projekt !,https://wpolityce.pl/polityka/747231-prezydent-wetuje-tzw-ustawe-lancuchowa-zapowiada-projekt
,vetogate.com,631 مستوطنا يقتحمون المسجد الأقصى,https://www.vetogate.com/5545884
,thedrinksbusiness.com,Who is drinking organic wine ?,https://www.thedrinksbusiness.com/2025/12/who-is-drinking-organic-wine/
,ilgazzettino.it,Federica Mogherini e lex ambasciatore Sannino fermati a Bruxelles . « Sospetta frode sulla formazione dei diplomatici »,https://www.ilgazzettino.it/italia/politica/federica_mogherini_fermata_bruxelles_frode_fondi_ue-9222053.html
,unian.net,Лучшие смартфоны 2025 - именно этим Android больше всего довольны пользователи УНИАН,https://www.unian.net/techno/gadgets/luchshie-smartfony-2025-imenno-etim-android-bolshe-vsego-dovolny-polzovateli-13214514.html
,forbes.com,Lessons Learned On Deploying Tech In The Automotive Industry,https://www.forbes.com/councils/forbesbusinesscouncil/2025/12/02/lessons-learned-on-deploying-tech-in-the-automotive-industry/
,plotek.pl,Renata Pa³ys w gorzkich s³owach o sytuacji aktorów .  Maj± nas w powa ¿ aniu,"https://www.plotek.pl/najnowsze-plotki/7,194210,32440593,renata-palys-w-gorzkich-slowach-o-sytuacji-aktorow-maja-nas.html"
,livehindustan.com,"SME Stock TechD Cybersecurity jumped 285 percent from IPO Price Vijay kedia holds over 3 lakh share SME स्टॉक में 2 महीने में 285 % की तूफानी तेजी , विजय केडिया के पास 393100 शेयर , Business Hindi News",https://www.livehindustan.com/business/sme-stock-techd-cybersecurity-jumped-285-percent-from-ipo-price-vijay-kedia-holds-over-3-lakh-share-201764682301167.html
,allafrica.com,Rwanda : Govt to Pitch New Investment Opportunities As Mining Week Kicks Off,https://allafrica.com/stories/202512020455.html
,forbes.com,5 Of The Best Side Hustle Ideas To Start In 2026,https://www.forbes.com/sites/chelseatobin/2025/12/02/5-of-the-best-side-hustle-ideas-to-start-in-2026/
,navbharattimes.indiatimes.com,"US Dollar Hegemony : मोदी से क्‍या कहने वाले हैं पुतिन ? साथ मिला तो अमेरिका का  ब्रह्मास्‍त्र  कर देंगे फेल , बड़ा है एजेंडा",https://navbharattimes.indiatimes.com/business/business-news/russian-president-vladimir-putin-india-visit-de-dollarisation-on-agenda-dollar-dominance-counter-plan-modiputin-summit-crucial/articleshow/125719726.cms
,cnnchile.com,Sernac lanzó buscador de precios de anticonceptivos orales : Valores van desde $990 hasta $45 mil,https://www.cnnchile.com/pais/sernac-buscador-precios-anticonceptivos-orales-valores-van-desde-990-a-45-mil_20251202/
,expreso.com.mx,Entre Nos : Columna de Mr . X del 02 de Diciembre de 2025,https://www.expreso.com.mx/expresion/entre-nos/entre-nos-columna-de-mr-x-del-02-de-diciembre-de-2025/243492
,prnewswire.com,MetaVia Inc . Announces 1 - for - 11 Reverse Stock Split,https://www.prnewswire.com/news-releases/metavia-inc-announces-1-for-11-reverse-stock-split-302630216.html
,de.euronews.com,Perpetuum mobile : Sind EU - Sanktionen rechtswidrig ?,https://de.euronews.com/2025/12/02/perpetuum-mobile-eu-sanktionen-russland
,tmtpost.com,12月2日美股盘前要闻,https://www.tmtpost.com/nictation/7792820.html
,nordkurier.de,Auswandern nach Finnland : Chancen und Herausforderungen,https://www.nordkurier.de/panorama/in-diesem-faszinierenden-land-treffen-auswanderer-auf-ein-grosses-hindernis-4141986
,cnnchile.com,Tribunal ordena la liquidación de la dueña del Club de la Unión y revierte su proceso de reorganización,https://www.cnnchile.com/pais/liquidacion-duena-club-de-la-union-fallo-judicial_20251202/
,delo.ua,Заморожена готова їжа – драйвер зростання ринку ? Delo . ua,https://delo.ua/business/zamorozena-gotova-yiza-draiver-zrostannya-rinku-456264/
,merdeka.com,"Ekonomi Outlook 2026 , Peluang Besar di Investasi Perdagangan dan Industri MICE",https://www.merdeka.com/uang/ekonomi-outlook-2026-peluang-besar-di-investasi-perdagangan-dan-industri-mice-502806-mvk.html
,hoytamaulipas.net,Hoy Tamaulipas - Miscelanea fiscal 2026 en Tamaulipas avanza sin definir placas y licencias,https://www.hoytamaulipas.net/notas/606453/Miscelanea-fiscal-2026-en-Tamaulipas-avanza-sin-definir-placas-y-licencias.html
,pusulahaber.com.tr,Gökhan Gönül gözaltına alındı,https://www.pusulahaber.com.tr/gokhan-gonul-gozaltina-alindi-1822005h.htm
,variety.com,Woo Films to Partner Funicular on  God Favorite Girl,https://variety.com/2025/film/global/woo-films-funicular-films-gods-favorite-girl-ventana-sur-1236597140/
,itbusinessnet.com,Joveo Unveils AI Staffing Advisor : The Industryâ€™s First Staffing Superintelligence Platform – IT Business Net,https://itbusinessnet.com/2025/12/joveo-unveils-ai-staffing-advisor-the-industrys-first-staffing-superintelligence-platform/
,ziuadevest.ro,Operațiunea „ Spălare de Pierderi . Primăria Timișoara a eșuat în „ profit zero  pe bani publici,https://www.ziuadevest.ro/operatiunea-spalare-de-pierderi-primaria-timisoara-a-esuat-in-profit-zero-pe-bani-publici/
,diariodesevilla.es,Califato IPA regresa por Navidad con edición limitada y mercadillo especial,https://www.diariodesevilla.es/vivirensevilla/nueva-cerveza-califato-ipa-regresa-navidad-edicion_0_2005366654.html
,richmondandtwickenhamtimes.co.uk,John Lewis warning as sofa sold this year could catch fire | Richmond and Twickenham Times,https://www.richmondandtwickenhamtimes.co.uk/news/25665980.john-lewis-warning-sofa-sold-year-catch-fire/
,ansa.it,"Mutti : limport del concentrato di pomodoro cinese a - 76 %, si cerca qualità - Notizie",https://www.ansa.it/sito/notizie/economia/2025/12/02/mutti-import-concentrato-pomodoro-cinese-76-si-cerca-qualita_d861fc22-8a98-4114-8e03-d67c19802e38.html
,marketscreener.com,"BNP Paribas Joins European Banking Consortium , Leads CAC 40 Gains",https://www.marketscreener.com/news/bnp-paribas-joins-european-banking-consortium-leads-cac-40-gains-ce7d51d9da81f62c
,ilfattoquotidiano.it,"Asset russi congelati per lUcraina , la BCE frena la Commissione UE | Il Fatto Quotidiano",https://www.ilfattoquotidiano.it/2025/12/02/asset-russi-bce-commissione-ucraina-notizie/8213974/
,nashvilleherald.com,Luminar Media Group Engages R . F . Lafferty & Co . as Lead Managing Underwriter and Sole Book Running Manager,http://www.nashvilleherald.com/news/278733806/luminar-media-group-engages-rf-lafferty-co-as-lead-managing-underwriter-and-sole-book-running-manager
,ecofinagency.com,FG Gold Secures $330 Million to Launch Sierra Leone Largest Gold Mine,https://www.ecofinagency.com/news-finances/0212-51024-fg-gold-secures-330-million-to-launch-sierra-leone-s-largest-gold-mine
,ellitoral.com,El agro argentino cierra el año con señales sólidas : soja y maíz en alza y un trigo récord,https://www.ellitoral.com/campolitoral/soja-maiz-produccion-exportacion-agro_0_EVSucsBWc3.html
,gnnliberia.com,President Boakai Cautions Security Apparatus on Professionalism ; Unveils Major Development Projects,https://gnnliberia.com/president-boakai-cautions-security-apparatus-on-professionalism-unveils-major-development-projects/
,design-reuse.com,NVIDIA and Synopsys Announce Strategic Partnership to Revolutionize Engineering and Design,https://www.design-reuse.com/news/202529746-nvidia-and-synopsys-announce-strategic-partnership-to-revolutionize-engineering-and-design/
,farminguk.com,Dairy farmers hit as First Milk confirms significant new year price cut,https://www.farminguk.com/news/dairy-farmers-hit-as-first-milk-confirms-significant-new-year-price-cut_67647.html
,diena.lt,Gapšys vėl bandys išeiti į laisvę anksčiau laiko,https://diena.lt/naujienos/kriminalai/nusikaltimai/gapsys-vel-bandys-iseiti-i-laisve-anksciau-laiko-1731487
,thehindu.com,"Top news of the day December 2 , 2025",https://www.thehindu.com/news/top-news-of-the-day-rijiju-says-lok-sabha-to-take-up-debate-on-vande-mataram-on-dec-8-and-sir-on-dec-9-scindia-says-sanchar-saathi-app-optional-can-be-deleted-and-more/article70349305.ece
,tech.ifeng.com,IBM CEO ： 以现有成本建设AI数据中心  几乎不可能回本 _ 凤凰网,https://tech.ifeng.com/c/8olL0ODZtWy
,mondaq.com,Last Year Rent : RealPage Reaches Settlement Agreement With The Department Of Justice In Algorithmic Pricing Case,https://www.mondaq.com:443/unitedstates/antitrust-eu-competition/1713670/last-years-rent-realpage-reaches-settlement-agreement-with-the-department-of-justice-in-algorithmic-pricing-case
,prnewswire.com,"Villas at Lexoods Breaks Ground on 40 Energy - Smart , Deeply Affordable Homes in Lexington Park",http://www.prnewswire.com/news-releases/villas-at-lexoods-breaks-ground-on-40-energysmart-deeply-affordable-homes-in-lexington-park-302629347.html
,forbes.com,These Are The Under $40 Million Yachts I Have On My Christmas List,https://www.forbes.com/sites/katiadamborsky/2025/12/02/these-are-the-under-40-million-yachts-i-have-on-my-christmas-list/
,finance.yahoo.com,Here Why Oscar Health ( OSCR ) Traded Down in Q3,https://finance.yahoo.com/news/why-oscar-health-oscr-traded-131611225.html
,glasistre.hr,"Sanja Radolović podnijela niz amandmana na proračun za projekte u Istri , donosimo pregled",http://www.glasistre.hr/istra/2025/12/02/sanja-radolovic-podnijela-niz-amandmana-na-drzavni-proracaun-donosimo-pregled-1037423
,merkur.de,"3 , 53 Euro Verlust pro Kilo : Tchibo zerrt Aldi wegen Kampfpreisen vor Gericht",https://www.merkur.de/verbraucher/53-euro-verlust-pro-kilo-tchibo-zerrt-aldi-wegen-kampfpreisen-vor-gericht-94065228.html
,glavred.info,Турция резко сократила закупки российской Urals - детали Reuters,https://glavred.info/world/ankara-vonzila-nozh-v-ekonomiku-rf-reuters-raskrylo-na-kakoy-shag-poshel-erdogan-10720586.html
,zazoom.it,Brescia | Vintail Supermarket,https://www.zazoom.it/2025-12-02/brescia-vintail-supermarket/18244468/
,diena.lt,Kauno Stoties turgaus teritorija ruošiasi ryškiems pokyčiams : darbymetis – jau kitąmet,https://diena.lt/naujienos/kaunas/miesto-pulsas/kauno-stoties-turgaus-teritorija-ruosiasi-ryskiems-pokyciams-darbymetis-jau-kitamet-1731476
,gjsentinel.com,Israeli troops kill a man in Gaza and 2 suspected Palestinian attackers in West Bank,https://www.gjsentinel.com/news/world/israeli-troops-kill-a-man-in-gaza-and-2-suspected-palestinian-attackers-in-west-bank/article_84ce4dd6-5774-5aee-ba48-6d0303889340.html
,badische-zeitung.de,Schwacher Werbemarkt : RTL Deutschland streicht 600 Stellen,https://www.badische-zeitung.de/schwacher-werbemarkt-rtl-deutschland-streicht-600-stellen
,unsertirol24.com,Menschen mit Behinderung erfolgreich in Arbeit integriert,https://www.unsertirol24.com/2025/12/02/menschen-mit-behinderung-erfolgreich-in-arbeit-integriert/
,manilatimes.net,MediaGo Secures Consecutive Honors in the Global Tech Awards AdTech Category,https://www.manilatimes.net/2025/12/02/tmt-newswire/pr-newswire/mediago-secures-consecutive-honors-in-the-global-tech-awards-adtech-category/2235311
,diena.lt,Po dirbtinio intelekto patarimo vyras vos neatsidūrė reanimacijoje,https://diena.lt/naujienos/ivairenybes/sunku-patiketi/po-dirbtinio-intelekto-patarimo-vyras-vos-neatsidure-reanimacijoje-1731436
,beurs.nl,HEMA volledig in handen van Jumbo - familie Van Eerd,https://www.beurs.nl/Nieuws/844087/HEMA-volledig-in-handen-van-Jumbo-familie-Van-Eerd.aspx
,dailypolitical.com,XTX Topco Ltd Increases Holdings in Conduent Inc . $CNDT,https://www.dailypolitical.com/2025/12/02/xtx-topco-ltd-increases-holdings-in-conduent-inc-cndt.html
,themarketsdaily.com,"XTX Topco Ltd Takes $860 , 000 Position in Enviri Corporation $NVRI",https://www.themarketsdaily.com/2025/12/02/xtx-topco-ltd-takes-860000-position-in-enviri-corporation-nvri.html
,gazetaoltului.ro,Top service - uri auto din Olt care au făcut cei mai mulți bani,https://gazetaoltului.ro/politica/top-service-uri-auto-din-olt-care-au-facut-cei-mai-multi-bani-2/
,udaipurkiran.com,"Gold Prices Rise by Rs 680 Per Gram , Silver Jumps Rs 3 , 200 Per Kg",https://udaipurkiran.com/gold-prices-rise-by-rs-680-per-gram-silver-jumps-rs-3200-per-kg/
,xalqcebhesi.az,Tibbi sığorta ilə bağlı qeyri - formal məşğul şəxslərin necə müəyyənləşdiriləcəyi açıqlanıb,https://www.xalqcebhesi.az/news/society/233606.html
,boredpanda.com,"Lady Believes She Not Entitled To Fix Her Own Mistakes At Work , Gets Mad After Getting Forced To Do It",https://www.boredpanda.com/coworker-upset-woman-transfer-work/?cexp_id=141284&cexp_var=3&_f=homepage_featured
,pulzo.com,Anuncio sobre carne que venden en Colombia : exportaciones a China se dispararon,https://www.pulzo.com/economia/anuncio-sobre-carne-que-venden-colombia-exportaciones-china-dispararon-PP4928888
,agenciabrasil.ebc.com.br,Conecta PretaLab apresenta ferramentas de IA a mulheres negras em SP,https://agenciabrasil.ebc.com.br/direitos-humanos/noticia/2025-12/conecta-pretalab-apresenta-ferramentas-de-ia-mulheres-negras-em-sp
,cope.es,Asegurar una residencia de mayores o un colegio :  El reto de cuidar a los que cuidan,https://www.cope.es/programas/mediodia-cope/noticias/asegurar-residencia-mayores-colegio-reto-cuidar-cuidan-20251202_3263841.html
,forbes.com,RareWine Invest Finds Opportunity In A Volatile Fine Wine Market,https://www.forbes.com/sites/lizthach/2025/12/02/rarewine-invest-finds-opportunity-in-a-volatile-fine-wine-market/
,franceguyane.fr,"L  Œuf dHiver Fabergé aux enchères , record de prix attendu",https://www.franceguyane.fr/actualite/politique/loeuf-dhiver-faberge-aux-encheres-record-de-prix-attendu-1059966.php
,scottishhousingnews.com,"Highland Council considers short - term let controls in Sutherland , Skye and Raasay",https://www.scottishhousingnews.com/articles/highland-council-considers-short-term-let-controls-in-sutherland-skye-and-raasay
,163.com,滨海高新区蓝白领公寓完成扩容升级,https://www.163.com/dy/article/KFQ8DHBR05568W0A.html
,zazoom.it,Ultima Ora - Ultime Notizie Zazoom Social News,https://www.zazoom.it/2025-12-02/tir-travolge-operai-lungo-lautostrada-a31-un-morto-e-un-ferito-grave/18244412/
,az-online.de,Rentenlücke : So sichern Sie Ihren Lebensstandard im Alter,https://www.az-online.de/wirtschaft/rentenluecke-so-sichern-sie-ihren-lebensstandard-im-alter-zr-94065312.html
,merkur.de,Gräfelfinger Christkindlmarktzauber wieder bei St . Stefan,https://www.merkur.de/lokales/starnberg/kreisbote/graefelfinger-christkindlmarktzauber-wieder-bei-st-stefan-94065010.html
,northdevongazette.co.uk,Exeter mini - market shut down after £11k illegal tobacco raids,https://www.northdevongazette.co.uk/news/around-devon/1956916/exeter-mini-market-shut-down-after-11k-illegal-tobacco-raids.html
,yenialanya.com,Alanya özel halk otobüsleri yenilendi ! Ücretsiz binişlerde düzenleme çağrısı,https://www.yenialanya.com/haber/26946503/alanya-ozel-halk-otobusleri-yenilendi-ucretsiz-binislerde-duzenleme-cagrisi
,en.globes.co.il,Real estate company financials reveal housing market trends,https://en.globes.co.il/en/article-company-financials-reveal-housing-market-trends-1001528079
,metro.cz,Začíná biatlonová sezona 2025 / 26 : Časy závodů a česká nominace,https://www.metro.cz/spolecnost/biatlon-v-ostersundu-2025-v-kolik-startuji-cesti-biatloniste-a-kde-je-sledovat.A251128_154327_metro-spolecnost_mkar
,diena.lt,Vilniaus valdžia skelbia konferencijų centro prie Seimo architektūrinį konkursą,https://diena.lt/naujienos/vilnius/miesto-pulsas/vilniaus-valdzia-skelbia-konferenciju-centro-prie-seimo-architekturini-konkursa-1731464
,larepubliquedespyrenees.fr,Coarraze  : un marché de Noël local ce dimanche,https://www.larepubliquedespyrenees.fr:443/pyrenees-atlantiques/coarraze/coarraze-un-marche-de-noel-local-ce-dimanche-26928521.php
,beurs.nl,Banken en tech aan kop in lichtgroene AEX,https://www.beurs.nl/Nieuws/844074/Banken-en-tech-aan-kop-in-lichtgroene-AEX.aspx
,themarketsdaily.com,M & T Bank Corp Cuts Stock Position in Thermo Fisher Scientific Inc . $TMO,https://www.themarketsdaily.com/2025/12/02/mt-bank-corp-cuts-stock-position-in-thermo-fisher-scientific-inc-tmo.html
,kenh14.vn,Nam diễn viên trốn nghĩa vụ quân sự đối mặt mức án hơn 2 năm tù dù chuẩn bị tổ chức đám cưới,https://kenh14.vn/nam-dien-vien-tron-nghia-vu-quan-su-doi-mat-muc-an-hon-2-nam-tu-du-chuan-bi-to-chuc-dam-cuoi-215251202141954757.chn
,themarketsdaily.com,Dare Bioscience ( DARE )  Buy  Rating Reaffirmed at HC Wainwright,https://www.themarketsdaily.com/2025/12/02/dare-biosciences-dare-buy-rating-reaffirmed-at-hc-wainwright.html
,miragenews.com,Green Economy to Hit $7 Trillion Annually by 2030,https://www.miragenews.com/green-economy-to-hit-7-trillion-annually-by-2030-1581676/
,cineuropa.org,"Pickbox launches Pickbox 2 , a new entertainment channel focused on feel - good programming",https://cineuropa.org/en/newsdetail/486701/
,en.apa.az,Georgian prime minister comments on reports regarding Azerbaijani freight trucks,https://en.apa.az/foreign-policy/georgian-prime-minister-comments-on-reports-regarding-azerbaijani-freight-trucks-485221
,as.com,"Obradovic y Messina , ¿ el final de una era ?",https://as.com/baloncesto/euroliga/obradovic-y-messina-el-final-de-una-era-f202512-n/
,stockbiz.vn,Ông Elon Musk :  Chỉ AI và robot mới có thể giải quyết cuộc khủng hoảng nợ 38 . 000 tỉ USD của Mỹ,https://stockbiz.vn/tin-tuc/ong-elon-musk-chi-ai-va-robot-moi-co-the-giai-quyet-cuoc-khung-hoang-no-38000-ti-usd-cua-my/37038522
,funkytaurusmedia.com,Funky Taurus Media - Music Photo Agency & Products,https://www.funkytaurusmedia.com/shop_content.php?coID=2&XTCsid=gmre9584ldeuei67368gr94b91
,en.globes.co.il,Egypt gas deal approval linked to lower domestic prices,https://en.globes.co.il/en/article-egypt-gas-deal-approval-linked-to-lower-domestic-prices-1001528077
,rhein-zeitung.de,Arbeitsmarkt in Cochem - Zell : Saisonende lässt Arbeitslosenzahlen steigen - Kreis Cochem - Zell,https://www.rhein-zeitung.de/lokales/kreis-cochem-zell/saisonende-laesst-arbeitslosenzahlen-steigen_arid-4087522.html
,divyabhaskar.co.in,A 22 - year - old boy who passed Std 10 became the  crypto  of a Chinese gang | માત્ર ₹3ના કમિશન માટે બન્યો  ક્રિપ્ટો કન્વર્ટર : વિકાસ બિશ્નોઈ પૈસાને ક્રિપ્ટોમાં ફેરવી ચીની ગેંગ સુધી પહોંચાડતો ; સુરતના ડોકટર સાથે 21 . 55 લાખ સાયબર ફ્રોડ કેસમાં ખુલાસો...,https://www.divyabhaskar.co.in/local/gujarat/surat/news/a-22-year-old-boy-who-passed-std-10-became-the-crypto-of-a-chinese-gang-136566220.html
,hna.de,Zeitenwende der deutschen Wirtschaft : Rüstungsinvestitionen als Arbeitsmarkt - Booster,https://www.hna.de/wirtschaft/wirtschaft-ruestung-investitionen-technologie-forschung-produktion-arbeitsmarkt-zr-94064532.html
,zvw.de,"Inflation in der Eurozone steigt unerwartet auf 2 , 2 Prozent - Wirtschaft",https://www.zvw.de/mehr-nachrichten/wirtschaft/inflation-in-der-eurozone-steigt-unerwartet-auf-22-prozent_arid-1028163
,mundiario.com,Del móvil a la luz : los hogares pagarán más por casi todo en 2026,https://www.mundiario.com/articulo/economia/movil-luz-hogares-pagaran-mas-casi-todo-2026/20251202123933365373.html
,themarketsdaily.com,"XTX Topco Ltd Buys 12 , 399 Shares of American Woodmark Corporation $AMWD",https://www.themarketsdaily.com/2025/12/02/xtx-topco-ltd-buys-12399-shares-of-american-woodmark-corporation-amwd.html
,glassonweb.com,"Regency Advances Transformation of New 420 , 000 sq . ft Facility at Omega Business Park",https://www.glassonweb.com/news/regency-advances-transformation-new-420000-sq-ft-facility-omega-business-park
,forbes.com,How Tokenization Is Changing Commodity Valuation Models,https://www.forbes.com/councils/forbesbusinesscouncil/2025/12/02/how-tokenization-is-changing-commodity-valuation-models/
,franceguyane.fr,Le parc Astérix sexporte en Allemagne,https://www.franceguyane.fr/actualite/economie-consommation/le-parc-asterix-sexporte-en-allemagne-1059956.php
,finance.sina.com.cn,多国政府和国际人士重申坚定奉行一个中国原则,https://finance.sina.com.cn/jjxw/2025-12-02/doc-infzmppc0195126.shtml
,df.cl,Dólar hoy en Chile : plano antes de nuevas cifras,https://www.df.cl/mercados/bolsa-monedas/dolar-hoynuio32e
,sn.at,Ein falsches Signal von der Westbahn,https://www.sn.at/leserforum/leserbrief/ein-signal-westbahn-188675701
,rga.de,"Inflation in Eurozone steigt vor EZB - Zinsentscheid unerwartet auf 2 , 2 Prozent",https://www.rga.de/wirtschaft/inflation-in-eurozone-steigt-vor-ezb-zinsentscheid-unerwartet-auf-2-2-prozent-NRKOXO35HZDJHCUE27ELKJ6NPU.html
,dnevno.hr,Hrvatski profesori otkrivaju pravu istinu o umjetnoj inteligenciji i tvrdnji da će zamijeniti čovjeka,https://www.dnevno.hr/planet-x/hrvatski-profesori-otkrivaju-pravu-istinu-o-umjetnoj-inteligenciji-i-tvrdnji-da-ce-zamijeniti-covjeka-3142524/
,yorkpress.co.uk,UK growth facing headwinds from tax hikes and spending cuts – OECD,https://www.yorkpress.co.uk/news/national/25665337.uk-growth-facing-headwinds-tax-hikes-spending-cuts---oecd/
,capital.gr,Κ . Πιερρακάκης : Η Αθήνα γίνεται μέρος του success story της Euronext -...,https://www.capital.gr/oikonomia/3960390/k-pierrakakis-i-athina-ginetai-meros-tou-success-story-tis-euronext-katalutis-i-arsi-ton-empodion-stin-eniaia-agora/
,lefaso.net,Burkina : Batiana Nacro croit au financement participatif pour accélérer le développement local,https://lefaso.net/spip.php?article142757
,mansethaber.com,BoEden yapay zeka şirketlerine  keskin düzeltme  uyarısı,https://mansethaber.com/boeden-yapay-zeka-sirketlerine-keskin-duzeltme-uyarisi
,directinfo.webmanagercenter.com,Pouvoir dachat en baisse : la hausse des salaires intégrée pour la première fois dans la loi de finances,https://directinfo.webmanagercenter.com/2025/12/02/pouvoir-dachat-en-baisse-la-hausse-des-salaires-integree-pour-la-premiere-fois-dans-la-loi-de-finances/
,televisual.com,Factual Fiction Chamoun Issa exits,https://www.televisual.com/news/factual-fictions-chamoun-issa-exits/
,tvheute.at,„ Am Schauplatz  über Belastung von Alleinerziehenden,https://tvheute.at/newsticker/am-schauplatz-ueber-belastung-von-alleinerziehenden-98686
,benzinga.com,"Leading And Lagging Sectors For December 2 , 2025",https://www.benzinga.com/insights/sector-etfs/25/12/49157386/leading-and-lagging-sectors-for-december-2-2025
,manilatimes.net,"ZenaTech Strengthens Drone as a Service Capabilities for Government and Aviation Markets Closing Acquisition of Smith Surveying Group in Jacksonville , Fla .",https://www.manilatimes.net/2025/12/02/tmt-newswire/globenewswire/zenatech-strengthens-drone-as-a-service-capabilities-for-government-and-aviation-markets-closing-acquisition-of-smith-surveying-group-in-jacksonville-fla/2235296
,scottishhousingnews.com,"Tax hikes will worsen Scotland housing crisis , landlords warn",https://www.scottishhousingnews.com/articles/tax-hikes-will-worsen-scotlands-housing-crisis-landlords-warn
,dubaicityguide.com,Maktoum Bin Mohammed Says Eid Al Etihad Is A Celebration Of The UAE Remarkable Achievements And Enduring Values # Dubai,https://www.dubaicityguide.com/site/news/news-details/Local-News/78479/maktoum-bin-mohammed-says-eid-al-etihad-is-a-celebration-of-the-uae%e2%80%99s-remarkable-achievements-and-enduring-values
,niederlausitz-aktuell.de,Forst lädt ein : Vier Tage Weihnachtsmarkt rund um Stadtkirche,https://www.niederlausitz-aktuell.de/niederlausitz-aktuell/orte/spree-neisse/forst-lausitz/306328/forst-laedt-ein-vier-tage-weihnachtsmarkt-rund-um-stadtkirche.html
,washingtonmonthly.com,Affordability : How Trump Has Made It Worse,https://washingtonmonthly.com/2025/12/02/affordability-crisis-trump-maga-policies/
,semana.com,Ni Cuba se atrevió a tanto : encienden alarmas por proyecto del Pacto Histórico que  acabaría  con la inversión extranjera en Colombia,https://www.semana.com/politica/articulo/ni-cuba-se-atrevio-a-tanto-encienden-alarmas-por-proyecto-del-pacto-historico-que-acabaria-con-la-inversion-extranjera-en-colombia/202509/
,metro.cz,ACTUM Digital posiluje na trhu DACH . Uzavírá úzké partnerství s rakouskou digitální agenturou Inscript,https://www.metro.cz/protext/actum-digital-posiluje-na-trhu-dach-uzavira-uzke-partnerstvi-s-rakouskou-digitalni-agenturou-inscrip.A251202_141500_metro-protext_air
,siliconvalley.com,Diane Keaton California dream home back on market for $27 million – Silicon Valley,https://www.siliconvalley.com/2025/12/02/diane-keaton-home-back-on-market-27-million/
,finanznachrichten.de,Refined Energy Corp . nimmt Ken Wheatley in sein Board of Directors auf und ergänzt seine Optionsvereinbarung für die Konzession Simard,https://www.finanznachrichten.de/nachrichten-2025-12/67125780-refined-energy-corp-nimmt-ken-wheatley-in-sein-board-of-directors-auf-und-ergaenzt-seine-optionsvereinbarung-fuer-die-konzession-simard-248.htm
,farodevigo.es,"Prensa Ibérica lanza Cauro , su nueva agencia que une creatividad y tecnología",https://www.farodevigo.es/economia/2025/12/02/prensa-iberica-lanza-cauro-nueva-124355803.html
,evz.ro,"Mai mulți oameni de afaceri din Sibiu , trimiși în judecată de DNA",https://evz.ro/mai-multi-oameni-de-afaceri-din-sibiu-trimisi-in-judecata-de-dna.html
,163.com,集齐30位顶尖艺术家 ！ 深圳最高金融地标化身城市文化会客厅,https://www.163.com/dy/article/KFQ8NL3905129QAF.html
,thehindubusinessline.com,Abakkus Mutual Fund to launch maiden NFO of flexi cap fund,https://www.thehindubusinessline.com/markets/abakkus-mutual-fund-to-launch-maiden-nfo-of-flexi-cap-fund/article70349599.ece
,finanznachrichten.de,American Resources Corporation and ReElement Technologies Announce December Conference and Event Schedule,https://www.finanznachrichten.de/nachrichten-2025-12/67125818-american-resources-corporation-and-reelement-technologies-announce-december-conference-and-event-schedule-200.htm
,cointelegraph.com,Trust Wallet Debuts Multi - Platform Prediction Trading,https://cointelegraph.com/news/cz-trust-wallet-debuts-prediction-markets-myriad
,elsoldesantiago.com,Max Puig aclara metas nacionales de reducción de emisiones y avances de la política climática nacional,https://elsoldesantiago.com/max-puig-aclara-metas-nacionales-de-reduccion-de-emisiones-y-avances-de-la-politica-climatica-nacional/
,timesca.com,How the Russian Relocation Wave Reshaped Kazakhstan Economy - The Times Of Central Asia,https://timesca.com/how-the-russian-relocation-wave-reshaped-kazakhstans-economy/
,forbes.ro,Focus - plan : Extindere pe o piață strategică,https://www.forbes.ro/focus-plan-extindere-pe-o-piata-strategica-477251
,it-online.co.za,Desktop overtakes mobile in share of Web traffic,https://it-online.co.za/2025/12/02/desktop-overtakes-mobile-in-share-of-web-traffic/
,nashvilleherald.com,"Canamera Stakes Claims in Colorado , united states",http://www.nashvilleherald.com/news/278733698/canamera-stakes-claims-in-colorado-usa
,novamakedonija.com.mk,Фондацијата „ Трајче Мукаетов  додели 40 нови стипендии за учебната 2025 / 2026 година,https://novamakedonija.com.mk/ekonomija/fondacijata-trajche-mukaetov-dodeli-40-novi-stipendii-za-uchebnata-2026-2026-godina/
,tiemposur.com.ar,Enrique Jamieson instó a  poner sobre la mesa  la producción ovina,https://www.tiemposur.com.ar/info-general/enrique-jamieson-insto-a-poner-sobre-la-mesa-la-produccion-ovina
,dailypolitical.com,"Uber Technologies , Inc . $UBER Shares Acquired by M & T Bank Corp",https://www.dailypolitical.com/2025/12/02/uber-technologies-inc-uber-shares-acquired-by-mt-bank-corp.html
,magyarnemzet.hu,"Sarc Budapesten , a két ünnep között fizetni kell a parkolásért",https://magyarnemzet.hu/belfold/2025/12/parkolas-fizetoparkolas-budapest-karacsony-gergely
,blic.rs,Ova televizija otpušta stotine zaposlenih zbog pada TV oglašavanja i restrukturiranja,https://www.blic.rs/biznis/vesti/ova-televizija-otpusta-stotine-zaposlenih-zbog-pada-tv-oglasavanja-i-restrukturiranja/v81vj03
,tickerreport.com,"Ringcentral , Inc . $RNG Shares Sold by XTX Topco Ltd",https://www.tickerreport.com/banking-finance/13278007/ringcentral-inc-rng-shares-sold-by-xtx-topco-ltd.html
,tickerreport.com,"XTX Topco Ltd Invests $762 , 000 in Yelp Inc . $YELP",https://www.tickerreport.com/banking-finance/13278025/xtx-topco-ltd-invests-762000-in-yelp-inc-yelp.html
,beurs.nl,Futures voorspellen lichtgroene opening voor Wall Street,https://www.beurs.nl/Nieuws/844106/Futures-voorspellen-lichtgroene-opening-voor-Wall-Street.aspx
,ellitoral.com,Cuándo se publica el índice de inflación de noviembre en Argentina,https://www.ellitoral.com/economia/inflacion-indec-ahora-hoy-valores-instituto-nacional-estadistica-censos-indice-precios-consumidor-argentina_0_9cKHltFIIC.html
,liveinsurancenews.com,North Carolina Roof Revolution : How  Super Roofs  Are Shaking Up the Insurance Game » Live Insurance News,https://www.liveinsurancenews.com/north-carolinas-roof-revolution/8567363/
,pda.kazan.kp.ru,В 2026 году объем международных переводов удвоится,https://pda.kazan.kp.ru/online/news/6701031/
,makorrishon.co.il,פי שניים מאייפון 17 : סמסונג משיקה טלפון מתקפל לשלוש במהדורה מוגבלת,https://www.makorrishon.co.il/news/science/article/218521
,forbes.com,Nvidia Real Risk : Hardware That Ages Too Fast ?,https://www.forbes.com/sites/greatspeculations/2025/12/02/nvidias-real-risk-hardware-that-ages-too-fast/
,siol.net,Rafinerijo v Pančevu bodo zaustavili,https://siol.net/novice/svet/rafinerijo-v-pancevu-bodo-zaustavili-678629
,kurier.at,Paradox ? Warum im Burgenland immer öfter im Herbst geerntet wird,https://kurier.at/chronik/burgenland/burgenland-herbsternte-sojabohne-zuckerruebe-koernermais-landwirtschaftskammer/403108674
,zazoom.it,Inaugurato il mercatino di Natale in Duomo con le tradizionali baite,https://www.zazoom.it/2025-12-02/inaugurato-il-mercatino-di-natale-in-duomo-con-le-tradizionali-baite/18244383/
,giornaledicalabria.it,"Intesa contro levasione fiscale tra la Procura di Paola , la Gdf e lAgenzia delle Entrate di Cosenza",https://www.giornaledicalabria.it/intesa-contro-levasione-fiscale-tra-la-procura-di-paola-la-gdf-e-lagenzia-delle-entrate-di-cosenza/
,finance.yahoo.com,"Peter Schiff blasts Trump  booming economy  claim , warns US output is  going bust . Here the problem and what to do",https://finance.yahoo.com/news/peter-schiff-blasts-trump-booming-132300328.html
,rhein-zeitung.de,"Sperrung wegen Tunnelarbeiten : Lahntalbahn : Wann fahren Züge , wann Busse ? - Rhein - Lahn - Zeitung",https://www.rhein-zeitung.de/lokales/rhein-lahn-zeitung/lahntalbahn-wann-fahren-zuege-wann-busse_arid-4087567.html
,notizie.it,"Panettoni più costosi , la classifica di Natale 2025",https://www.notizie.it/panettoni-piu-costosi-classifica-natale-2025/
,evz.ro,Europa schimbă regulile jocului . Țările care nu - și iau migranții înapoi pierd miliarde,https://evz.ro/europa-schimba-regulile-jocului-tarile-care-nu-si-iau-migrantii-inapoi-pierd-miliarde.html
,pulzo.com,Decisión sobre el salario mínimo en Colombia para 2026 podría adelantarse,https://www.pulzo.com/economia/decision-sobre-salario-minimo-colombia-2026-podria-adelantarse-PP4928827A
,wpolityce.pl,Była minister jest preppersem ! Kalata radzi ws . przygotowań,https://wpolityce.pl/spoleczenstwo/747211-byla-minister-jest-preppersem-kalata-radzi-ws-przygotowan
,lne.es,Queipo ( PP ) tilda de  burbuja presupuestaria  las cuentas de 2026 y anticipa una enmienda a la totalidad,https://www.lne.es/asturias/2025/12/02/queipo-pp-tilda-burbuja-presupuestaria-124352407.html
,it.euronews.com,"Rendimenti dei titoli di Stato europei di nuovo in rialzo , ma non è colpa dellinflazione",https://it.euronews.com/business/2025/12/02/rendimenti-dei-titoli-di-stato-europei-di-nuovo-in-rialzo-ma-non-e-colpa-dellinflazione
,it-online.co.za,Business Analyst at QES - IT - Online,https://it-online.co.za/2025/12/01/business-analyst-at-qes-59/
,cointelegraph.com,Bank Of America Endorses 1 – 4 % Bitcoin Allocation,https://cointelegraph.com/news/bank-of-america-4-crypto-allocation-bitcoin-etfs
,zazoom.it,Juventus occhi puntati sul gioiellino Johannes Moser,https://www.zazoom.it/2025-12-02/juventus-occhi-puntati-sul-gioiellino-johannes-moser/18244441/
,www.163.com,"Zhejiang, Zhejiang, China",https://www.163.com/dy/article/KFQ73DLJ0514B0JK.html
,www.163.com,"Qiantang, Guangdong, China",https://www.163.com/dy/article/KFQ73DLJ0514B0JK.html
,www.163.com,"Hangzhou, Zhejiang, China",https://www.163.com/dy/article/KFQ73DLJ0514B0JK.html
,www.spacedaily.com,"Shanghai, Shanghai, China",https://www.spacedaily.com/afp/251202085311.pxyrkyal.html
,www.pronto.com.ar,Reunion,https://www.pronto.com.ar/espectaculos/2025/12/2/reencuentro-mega-sorpresa-en-turquia-la-china-suarez-preparo-recibimiento-especial-para-magnolia-amancio-269498.html
,www.pronto.com.ar,Turkey,https://www.pronto.com.ar/espectaculos/2025/12/2/reencuentro-mega-sorpresa-en-turquia-la-china-suarez-preparo-recibimiento-especial-para-magnolia-amancio-269498.html
,yle.fi,Finland,https://yle.fi/a/74-20197357
,yle.fi,Germany,https://yle.fi/a/74-20197357
,alsat.mk,Ukraine,https://alsat.mk/sipri-firmat-e-armeve-perfitojne-shume-nga-lufta-ne-ukraine/
,alsat.mk,Russia,https://alsat.mk/sipri-firmat-e-armeve-perfitojne-shume-nga-lufta-ne-ukraine/
,udn.com,China,https://udn.com/news/story/7241/9176266
,udn.com,Taiwan,https://udn.com/news/story/7241/9176266
,www.italpress.com,"Hainan, Hainan, China",https://www.italpress.com/cina-hainan-registra-una-forte-crescita-delle-vendite-duty-free-2/
,runews24.ru,"Astrakhan, Astrakhanskaya Oblast', Russia",https://runews24.ru/astrakhan/02/12/2025/predsedatel-dumyi-astraxanskoj-oblasti-igor-martyinov-kamyizyakskie-volonteryi-vsestoronne-podderzhivayut-bojczov-svo-i-ix-semi-vnosya-vklad-v-budushhee-rodinyi
,runews24.ru,"Lugansk, Novosibirskaya Oblast', Russia",https://runews24.ru/astrakhan/02/12/2025/predsedatel-dumyi-astraxanskoj-oblasti-igor-martyinov-kamyizyakskie-volonteryi-vsestoronne-podderzhivayut-bojczov-svo-i-ix-semi-vnosya-vklad-v-budushhee-rodinyi
,www.finanzen.net,Canada,https://www.finanzen.net/nachricht/aktien/outperform-von-rbc-capital-markets-fuer-daimler-truck-aktie-15327953
,www.noticiassin.com,Kenya,https://www.noticiassin.com/acceso-limitado-a-medicacion-para-micetoma-en-turkana-kenia-2021033
,www.noticiassin.com,Iran,https://www.noticiassin.com/acceso-limitado-a-medicacion-para-micetoma-en-turkana-kenia-2021033
,www.noticiassin.com,Mexico,https://www.noticiassin.com/acceso-limitado-a-medicacion-para-micetoma-en-turkana-kenia-2021033
,www.noticiassin.com,Sudan,https://www.noticiassin.com/acceso-limitado-a-medicacion-para-micetoma-en-turkana-kenia-2021033
,news24online.com,"Colombo, Western, Sri Lanka",https://news24online.com/world/aid-or-waste-dump-pakistans-relief-turns-into-shocker-after-sri-lanka-discovers-expired-supplies/679196/
,news24online.com,Sri Lanka,https://news24online.com/world/aid-or-waste-dump-pakistans-relief-turns-into-shocker-after-sri-lanka-discovers-expired-supplies/679196/
,www.malatyaguncel.com,"Beijing, Beijing, China",https://www.malatyaguncel.com/cin-de-tutuklu-olan-ilham-tohti-nin-nobel-baris-o-2949467h.htm
,www.fuw.ch,Switzerland,https://www.fuw.ch/die-groessten-systemrelevanten-banken-weltweit-778046784338
,sapo.pt,Portugal,https://sapo.pt/artigo/a-musica-portuguesa-alem-fronteiras-e-urgente-internacionalizar-temos-talento-para-dar-e-vender-692d7451619a69695f93f0c8
,sapo.pt,Spain,https://sapo.pt/artigo/a-musica-portuguesa-alem-fronteiras-e-urgente-internacionalizar-temos-talento-para-dar-e-vender-692d7451619a69695f93f0c8
,www.conjur.com.br,"Estado De Sao Paulo, SăPaulo, Brazil",https://www.conjur.com.br/2025-dez-02/pejotizacao-no-stf-entre-a-livre-iniciativa-e-a-garantia-de-direitos/
,www.el-balad.com,"Montreal, Quebec, Canada",https://www.el-balad.com/6782260
,www.el-balad.com,"National Bank, Al Qahirah, Egypt",https://www.el-balad.com/6782260
,www.ksby.com,"Virginia, United States",https://www.ksby.com/science-and-tech/artificial-intelligence/the-ai-rush-is-heating-up-the-power-grid-and-your-costs
,www.ksby.com,"Iowa, United States",https://www.ksby.com/science-and-tech/artificial-intelligence/the-ai-rush-is-heating-up-the-power-grid-and-your-costs
,www.ksby.com,"New Jersey, United States",https://www.ksby.com/science-and-tech/artificial-intelligence/the-ai-rush-is-heating-up-the-power-grid-and-your-costs
,www.ksby.com,"Montana, United States",https://www.ksby.com/science-and-tech/artificial-intelligence/the-ai-rush-is-heating-up-the-power-grid-and-your-costs
,www.ksby.com,"California, United States",https://www.ksby.com/science-and-tech/artificial-intelligence/the-ai-rush-is-heating-up-the-power-grid-and-your-costs
,www.ksby.com,"Oklahoma, United States",https://www.ksby.com/science-and-tech/artificial-intelligence/the-ai-rush-is-heating-up-the-power-grid-and-your-costs
,www.ksby.com,"North Dakota, United States",https://www.ksby.com/science-and-tech/artificial-intelligence/the-ai-rush-is-heating-up-the-power-grid-and-your-costs
,www.ksby.com,"Missouri, United States",https://www.ksby.com/science-and-tech/artificial-intelligence/the-ai-rush-is-heating-up-the-power-grid-and-your-costs
,www.ksby.com,"Wisconsin, United States",https://www.ksby.com/science-and-tech/artificial-intelligence/the-ai-rush-is-heating-up-the-power-grid-and-your-costs
,www.ksby.com,"Texas, United States",https://www.ksby.com/science-and-tech/artificial-intelligence/the-ai-rush-is-heating-up-the-power-grid-and-your-costs
,alwasat.ly,France,https://alwasat.ly/news/economy/500017
,www.saidaonline.com,"Bekaa, BéA, Lebanon",https://www.saidaonline.com/312161
,www.saidaonline.com,"Tripoli, Tarabulus, Libya",https://www.saidaonline.com/312161
,www.saidaonline.com,Lebanon,https://www.saidaonline.com/312161
,www.diariodeburgos.es,"Salamanca, Castilla Y LeóP, Spain",https://www.diariodeburgos.es/noticia/z2e7ce610-8fa4-4678-ae446493f5f198be/202512/fran-diaz-logra-apoyo-del-psoe-para-dar-el-salto-a-las-cortes
,racurs.ua,Cyprus,https://racurs.ua/n210627-prokuratura-v-kieve-zaderjala-byvshego-vice-prezidenta-energoatoma.html
,index.hu,"Moscow, Moskva, Russia",https://index.hu/belfold/2025/12/02/tarjanyi-peter-nis-olajfinomito-balkan-biztonsag/
,index.hu,Hungary,https://index.hu/belfold/2025/12/02/tarjanyi-peter-nis-olajfinomito-balkan-biztonsag/
,www.naharnet.com,Syria,https://www.naharnet.com/stories/en/316861-pope-leo-xiv-s-visit-highlights-christian-resilience-in-lebanon-despite-regional-turmoil
,mediaindonesia.com,"Cikole, Jawa Barat, Indonesia",https://mediaindonesia.com/jabar/berita/836203/pemkot-sukabumi-gelar-gpm-jaga-stabilitas-harga-jelang-nataru
,mediaindonesia.com,"Cisarua, Jawa Barat, Indonesia",https://mediaindonesia.com/jabar/berita/836203/pemkot-sukabumi-gelar-gpm-jaga-stabilitas-harga-jelang-nataru
,aninews.in,"Mumbai, Maharashtra, India",https://aninews.in/news/business/esr-expands-india-footprint-with-60-acre-land-investment-in-pune-maharashtra20251202174739/
,aninews.in,"Talegaon, Maharashtra, India",https://aninews.in/news/business/esr-expands-india-footprint-with-60-acre-land-investment-in-pune-maharashtra20251202174739/
,aninews.in,India,https://aninews.in/news/business/esr-expands-india-footprint-with-60-acre-land-investment-in-pune-maharashtra20251202174739/
,aninews.in,"Ranjangaon, Maharashtra, India",https://aninews.in/news/business/esr-expands-india-footprint-with-60-acre-land-investment-in-pune-maharashtra20251202174739/
,aninews.in,"Nagpur, Maharashtra, India",https://aninews.in/news/business/esr-expands-india-footprint-with-60-acre-land-investment-in-pune-maharashtra20251202174739/
,aninews.in,"Ahmedabad, Gujarat, India",https://aninews.in/news/business/esr-expands-india-footprint-with-60-acre-land-investment-in-pune-maharashtra20251202174739/
,aninews.in,"Chakan, Maharashtra, India",https://aninews.in/news/business/esr-expands-india-footprint-with-60-acre-land-investment-in-pune-maharashtra20251202174739/
,aninews.in,"Bhiwandi, Maharashtra, India",https://aninews.in/news/business/esr-expands-india-footprint-with-60-acre-land-investment-in-pune-maharashtra20251202174739/
,aninews.in,"Pune, Maharashtra, India",https://aninews.in/news/business/esr-expands-india-footprint-with-60-acre-land-investment-in-pune-maharashtra20251202174739/
,azbigmedia.com,"Arizona, United States",https://azbigmedia.com/business/prescott-labor-market-cools-amid-shrinking-workforce/
,www.volksstimme.de,"Lisbon, Lisboa, Portugal",https://www.volksstimme.de/leben/auto/so-bringt-renault-den-neuen-clio-auf-die-strasse-4158947
,infowire.pl,Poland,https://infowire.pl/generic/release/861631/carrefour-i-edp-ze-strategiczna-umowa-ppa-w-polsce-zielona-energia-pokryje-blisko-1-3-zapotrzebowania-energetycznego-sieci-w-naszym-kraju
,www.farmer.pl,"Opole, Opolskie, Poland","https://www.farmer.pl/finanse/podatki-rachunkowosc/rolnicy-traca-klienci-placa-a-sieci-handlowe-zarabiaja-krocie-wedlug-uokik-brak-podstaw-do-podejrzen,169480.html"
,rtsh.al,Albania,https://rtsh.al/kryetarja-e-ama-s-grate-dominojne-gazetarine-por-jo-strukturat-drejtuese-ne-mediat-audiovizive/
,www.elcomercio.es,"Cabuenes, Asturias, Spain",https://www.elcomercio.es/obituarios/fallece-hostelero-pepe-casarreal-cafeteria-arrieta-gijon-20251202135311-nt.html
,www.oita-press.co.jp,"Oita, Oita, Japan",https://www.oita-press.co.jp/1010000000/2025/12/02/JDC2025120202026
,gente.ig.com.br,"Madrid, Madrid, Spain",https://gente.ig.com.br/celebridades/2025-12-02/poliana-reage-a-virginia-falando-dela-e-da-mae-de-vini-jr.html
,gente.ig.com.br,"Fernanda, Bahia, Brazil",https://gente.ig.com.br/celebridades/2025-12-02/poliana-reage-a-virginia-falando-dela-e-da-mae-de-vini-jr.html
,www.beursduivel.be,"Paris, France (General), France",https://www.beursduivel.be/Nieuws/844098/Europese-beurzen-hoger-rond-middaguur.aspx
,lecourrier.vn,Vietnam,https://lecourrier.vn/lia-au-service-des-entreprises-pour-conquerir-des-marches-exigeants/1296615.html
,lecourrier.vn,"Saigon, H? ChíInh, Vietnam, Republic Of",https://lecourrier.vn/lia-au-service-des-entreprises-pour-conquerir-des-marches-exigeants/1296615.html
,lecourrier.vn,Singapore,https://lecourrier.vn/lia-au-service-des-entreprises-pour-conquerir-des-marches-exigeants/1296615.html
,www.deccanchronicle.com,"Manipur, Uttar Pradesh, India",https://www.deccanchronicle.com/nation/current-affairs/oppn-shedding-crocodile-tears-on-manipur-nirmala-sitharaman-1921107
,www.manilatimes.net,"Vancouver, British Columbia, Canada",https://www.manilatimes.net/2025/12/02/tmt-newswire/globenewswire/bbsi-earns-fifth-consecutive-great-place-to-work-certification/2235213
,www.haber61.net,"Trabzon, Trabzon, Turkey",https://www.haber61.net/trabzon/chp-il-baskani-baktan-karaismailogluna-sert-yanit-bu-halk-her-seyi-goruyor-h618310.html
,www.mersinhaber.com,"Ankara, Ankara, Turkey",https://www.mersinhaber.com/haber-ankarada-ilham-tohtinin-nobel-baris-odulu-adayligina-destek-verildi/483184
,www.sabah.com.tr,"Istanbul, Istanbul, Turkey",https://www.sabah.com.tr/yasam/toki-ornek-daireler-11-21-toki-500-bin-konut-projesi-daireleri-nasil-olacak-ozellikleri-neler-7475611
,www.sabah.com.tr,"Anatolia, Turkey (General), Turkey",https://www.sabah.com.tr/yasam/toki-ornek-daireler-11-21-toki-500-bin-konut-projesi-daireleri-nasil-olacak-ozellikleri-neler-7475611
,www.lopinionista.it,"Milan, Lombardia, Italy",https://www.lopinionista.it/coccinelle-arlettis-10th-anniversary-217848.html
,www.teraz.sk,"Bratislava, Bratislavsky Kraj, Slovak Republic",https://www.teraz.sk/regiony/rada-galerii-slovenska-udelila-oceneni/924756-clanok.html
,www.coventrytelegraph.net,"West Midlands, United Kingdom (General), United Kingdom",https://www.coventrytelegraph.net/news/coventry-news/drugs-car-theft-arrests-made-32982073
,www.bbv-net.de,Greece,https://www.bbv-net.de/rhede/steuerbetrug-muenster-rheder-brueder-urteil-februar-umsatzsteuerkarussell-w1112513-6000456145/
,www.clickpb.com.br,Brazil,https://www.clickpb.com.br/paraiba/100-autoescolas-na-paraiba-serao-impactadas-apos-fim-da-obrigatoriedade-para-cnh.html
,www.narrominenewsonline.com.au,"Canberra, Australian Capital Territory, Australia",https://www.narrominenewsonline.com.au/story/9125389/this-is-our-home-wongs-unity-call-to-pacific-isles/
,www.narrominenewsonline.com.au,Australia,https://www.narrominenewsonline.com.au/story/9125389/this-is-our-home-wongs-unity-call-to-pacific-isles/
,www.hna.de,"Brunswick, Niedersachsen, Germany",http://www.hna.de/niedersachsen/polizei-nimmt-zwei-paketzusteller-fest-nachdem-kunde-schrott-erhaelt-94064848.html
,www.naftemporiki.gr,"Athens, AttikíR, Greece",https://www.naftemporiki.gr/finance/economy/2041331/k-pierrakakis-i-enopoiisi-ton-eyropaikon-chrimatistirion-anoigei-ton-dromo-gia-tin-enosi-apotamieyseon-kai-ependyseon/
,www.naftemporiki.gr,United Kingdom,https://www.naftemporiki.gr/finance/economy/2041331/k-pierrakakis-i-enopoiisi-ton-eyropaikon-chrimatistirion-anoigei-ton-dromo-gia-tin-enosi-apotamieyseon-kai-ependyseon/
,www.naftemporiki.gr,"London, London, City Of, United Kingdom",https://www.naftemporiki.gr/finance/economy/2041331/k-pierrakakis-i-enopoiisi-ton-eyropaikon-chrimatistirion-anoigei-ton-dromo-gia-tin-enosi-apotamieyseon-kai-ependyseon/
,tass.ru,"Dubai, Dubayy, United Arab Emirates",https://tass.ru/ekonomika/25793531
,www.merkur.de,Denmark,http://www.merkur.de/wirtschaft/historischer-schritt-in-europa-dieses-land-stellt-seinen-briefverkehr-komplett-ein-zr-94065243.html
,www.merkur.de,"Copenhagen, KřAvn*, Denmark",http://www.merkur.de/wirtschaft/historischer-schritt-in-europa-dieses-land-stellt-seinen-briefverkehr-komplett-ein-zr-94065243.html
,news.az,"Temu, Lombardia, Italy",https://news.az/news/amazon-cuts-european-seller-fees-amid-shein-temu-rivalry
,www.chinatimes.com,"Yuan Long, Guangdong, China",https://www.chinatimes.com/realtimenews/20251202004542-260407
,www.gercekgundem.com,"Delen, Batman, Turkey",https://www.gercekgundem.com/guncel/faladdin-ve-binnaz-ablanin-sahibi-sertac-tasdelene-tahliye-karari-562903
,www.gercekgundem.com,"Sertac, Burdur, Turkey",https://www.gercekgundem.com/guncel/faladdin-ve-binnaz-ablanin-sahibi-sertac-tasdelene-tahliye-karari-562903
,lajmi.net,Serbia,https://lajmi.net/nis-e-merr-lejen-per-ta-nderprere-punen-ne-pritje-te-nje-vendimi-nga-shba-per-licencen/
,www.e-radio.gr,"Brussels, Bruxelles-Capitale, Belgium",https://www.e-radio.gr/post/308207/synelifthi-i-prwin-antiproedros-tis-komision-mogkerini-gia-ypothesi-apatis-se-eyrwpaika-kondylia
,www.lopinionista.it,Italy,https://www.lopinionista.it/piovono-1200-euro-di-bonus-a-dicembre-arrivano-tutti-in-ununica-soluzione-217754.html
,www.pressetext.com,"Allensbach, Baden-WüBerg, Germany",https://www.pressetext.com/news/energieintensive-betriebe-wollen-abwandern.html
,www.pressetext.com,"Munich, Bayern, Germany",https://www.pressetext.com/news/energieintensive-betriebe-wollen-abwandern.html
,www.arbresh.info,Saudi Arabia,https://www.arbresh.info/bota/shba-miraton-marreveshjen-tjeter-ushtarake-per-arabine-saudite-me-nje-kosto-prej-1-miliard-dollaresh/
,www.medianama.com,"Delhi, Delhi, India",https://www.medianama.com/2025/12/223-apple-cci-global-turnover-penalty/
,www.manilatimes.net,"Chapel Hill, Quebec, Canada",https://www.manilatimes.net/2025/12/02/tmt-newswire/globenewswire/cartier-cuts-162-gt-au-over-35-m-included-in-59-gt-au-over-110-m-at-contact-cadillac-extends-multiple-high-grade-gold-zones-near-surface/2235175
,saharamedias.net,"Nouakchott, Trarza, Mauritania",https://saharamedias.net/250907/
,saharamedias.net,Mauritania,https://saharamedias.net/250907/
,161.ru,"Rostov, Rostovskaya Oblast', Russia",https://161.ru/text/politics/2025/12/02/76150782/
,www.zf.ro,"Floreasca, Romania (General), Romania",https://www.zf.ro/business-construct/globalworth-reia-dezvoltarea-de-birouri-in-bucuresti-dupa-aproape-5-22964990
,www.zf.ro,"Bucharest, Bucuresti, Romania",https://www.zf.ro/business-construct/globalworth-reia-dezvoltarea-de-birouri-in-bucuresti-dupa-aproape-5-22964990
,www.hillingdontimes.co.uk,"Oxfordshire, Oxfordshire, United Kingdom",https://www.hillingdontimes.co.uk/news/national/25666397.topps-tiles-buys-fired-earth-brand-administration-sales-growth-slows/
,preberi.si,"Ljubljana, Slovenia (General), Slovenia",https://preberi.si/content/view/133177727-Sodisce-zadalo-udarec-Jankovicu-Zavrnitev-referenduma-o-podrazitvi-vozovnic-LPP-ni-bila-upravicena.html
,www.readingchronicle.co.uk,"Loddon, Norfolk, United Kingdom",https://www.readingchronicle.co.uk/news/25666184.berkshire-village-plan-replace-car-services-tankers/
,www.readingchronicle.co.uk,"Wokingham, Wokingham, United Kingdom",https://www.readingchronicle.co.uk/news/25666184.berkshire-village-plan-replace-car-services-tankers/
,english.news.cn,Namibia,https://english.news.cn/africa/20251202/8be57369d51448808ee111706bc874d7/c.html
,www.news1.co.il,"Gaza, Israel (General), Israel",https://www.news1.co.il/Archive/001-D-511259-00.html
,vnexpress.net,"North Island, CŕAu, Vietnam, Republic Of",https://vnexpress.net/chu-khach-san-phu-quoc-mo-mat-mat-20-trieu-dong-moi-ngay-vi-su-co-dien-4988952.html
,vnexpress.net,"Ham Ninh, Ki?N Giang, Vietnam, Republic Of",https://vnexpress.net/chu-khach-san-phu-quoc-mo-mat-mat-20-trieu-dong-moi-ngay-vi-su-co-dien-4988952.html
,www.manilatimes.net,"Toronto, Ontario, Canada",https://www.manilatimes.net/2025/12/02/tmt-newswire/globenewswire/briacell-to-present-phase-2-survival-phase-3-clinical-data-at-sabcs-2025/2235185
,aninews.in,"Karnataka, Karnataka, India",https://aninews.in/news/business/shri-keshav-cements-amp-infra-completes-expansion-plan-capacity-reaches-1-million-tpa20251202180151/
,newschannel9.com,"Washington, Washington, United States",https://newschannel9.com/news/nation-world/costco-battles-trump-administration-in-court-for-a-full-refund-on-tariffs
,es.mercopress.com,Mauritius,https://es.mercopress.com/2025/12/02/fortaleza-del-peso-provoca-salida-de-dolares-de-argentina
,es.mercopress.com,Argentina,https://es.mercopress.com/2025/12/02/fortaleza-del-peso-provoca-salida-de-dolares-de-argentina
,www.murcia.com,"Region De Murcia, Murcia, Spain",https://www.murcia.com/economia/noticias/2025/12/02-upta-vaticina-que-el-terminara-con-tres-millones-y-medio-de-autonomos-afiliados-al-reta.asp
